,p,dtrue,d,M,npc,means_ar,lambda_ar,intensity,mode_nclus,avg_nclus,avg_nonalloc,ari_best_clus,CI_aris
0,200,5,5,4,50,0.3391308584234629,0.19314285714285714,10,6,5.8975,0.825,0.9143019627586179,"(0.8927144437363067, 0.8968914102884623)"
