,p,dtrue,d,M,npc,means_ar,lambda_ar,intensity,mode_nclus,avg_nclus,avg_nonalloc,ari_best_clus,CI_aris
0,400,5,5,4,50,0.1607699873542223,0.09333333333333334,5,4,3.774,0.66,1.0,"(0.8524080859263903, 0.872800797581234)"
