,p,dtrue,d,M,npc,means_ar,lambda_ar,intensity,mode_nclus,avg_nclus,avg_nonalloc,ari_best_clus,CI_aris
0,400,8,8,4,50,0.1100746887966805,0.08985714285714286,20,4,4.0675,1.0025,0.9733367884034787,"(0.9744062929290217, 0.9749773022291769)"
