,p,dtrue,d,M,npc,means_ar,lambda_ar,intensity,mode_nclus,avg_nclus,avg_nonalloc,ari_best_clus,CI_aris
0,100,2,2,4,50,0.7809278770212835,0.888,20,8,7.968,1.45,0.8621041046753353,"(0.8274729179050864, 0.8313389525016168)"
