,p,d,M,npc,dir_concentr,mode_nclus,avg_nclus,ari_best_clus,CI_aris
0,200,5,4,50,0.5,75,75.2604,0.06123596069496442,"(0.07093332076777459, 0.07119974792277856)"
