,p,d,M,npc,dir_concentr,mode_nclus,avg_nclus,ari_best_clus,CI_aris
0,100,2,4,50,0.5,5,5.2624,0.9401606957735876,"(0.9316849415279803, 0.93407708610024)"
