,p,dtrue,d,M,npc,means_ar,lambda_ar,intensity,mode_nclus,avg_nclus,avg_nonalloc,ari_best_clus,CI_aris
0,100,5,5,4,50,0.19038531918230772,0.08377777777777778,20,4,4.036,0.982,1.0,"(0.9996835450229726, 0.9998372416254102)"
