,p,d,M,npc,dir_concentr,mode_nclus,avg_nclus,ari_best_clus,CI_aris
0,100,2,4,50,0.5,8,7.8956,0.8717223596930819,"(0.8577421210582623, 0.8586413602341894)"
