,p,d,M,npc,dir_concentr,mode_nclus,avg_nclus,ari_best_clus,CI_aris
0,100,5,4,50,1,41,39.7036,0.3416965027158746,"(0.35411204221123327, 0.35511152063334106)"
