,p,dtrue,d,M,npc,means_ar,lambda_ar,mode_nclus,avg_nclus,avg_nonalloc,ari_best_clus,CI_aris
0,100,5,4,8,50,0.9601341113333444,0.13526,8,8.0756,1.1484,1.0,"(0.9996479456760952, 0.9997291454596282)"
