,p,dtrue,d,M,npc,means_ar,lambda_ar,intensity,mode_nclus,avg_nclus,avg_nonalloc,ari_best_clus,CI_aris
0,100,5,5,8,50,0.010247683872187559,0.11411111111111111,20,6,6.323,0.893,0.7533027974410418,"(0.7821716929181076, 0.7888545049420709)"
