,p,dtrue,d,M,npc,means_ar,lambda_ar,intensity,mode_nclus,avg_nclus,avg_nonalloc,ari_best_clus,CI_aris
0,100,5,5,8,50,0.003916523186952491,0.07325,20,7,6.97,0.968,0.8661378873827268,"(0.8597877790269439, 0.8627198132347982)"
