,p,d,M,npc,dir_concentr,mode_nclus,avg_nclus,ari_best_clus,CI_aris
0,200,5,8,50,0.1,119,119.249,0.09808023374645916,"(0.09632547083127284, 0.09656387143796973)"
