,p,d,M,npc,dir_concentr,mode_nclus,avg_nclus,ari_best_clus,CI_aris
0,200,8,4,50,0.5,38,40.8225,0.23398420784657864,"(0.2377266827494956, 0.23904346927071413)"
