,p,dtrue,d,M,npc,means_ar,lambda_ar,intensity,mode_nclus,avg_nclus,avg_nonalloc,ari_best_clus,CI_aris
0,200,5,5,4,50,0.23643076923076922,0.2297142857142857,5,4,4.46625,0.61875,0.9472113355851781,"(0.9463127951301032, 0.947201551898374)"
