,p,dtrue,d,M,npc,means_ar,lambda_ar,intensity,mode_nclus,avg_nclus,avg_nonalloc,ari_best_clus,CI_aris
0,100,5,5,8,50,0.11647470548609172,0.09555555555555556,5,7,7.002,0.578,0.8607991034151782,"(0.8608133618119835, 0.8612188982991833)"
