,p,dtrue,d,M,npc,means_ar,lambda_ar,intensity,mode_nclus,avg_nclus,avg_nonalloc,ari_best_clus,CI_aris
0,400,2,2,4,50,0.14711451387173788,0.057777777777777775,10,7,6.814,0.978,0.8122398386768542,"(0.769303747127292, 0.7744069651581565)"
