,p,dtrue,d,M,npc,means_ar,lambda_ar,intensity,mode_nclus,avg_nclus,avg_nonalloc,ari_best_clus,CI_aris
0,400,2,2,4,50,0.1873627960716349,0.11677777777777777,10,8,7.864,0.95,0.7903055848261328,"(0.7954452868918125, 0.799009720067337)"
