,p,d,M,npc,dir_concentr,mode_nclus,avg_nclus,ari_best_clus,CI_aris
0,200,5,4,50,0.5,69,70.106,0.06323333099135811,"(0.0682968701669683, 0.06865592476220768)"
