,p,dtrue,d,M,npc,means_ar,lambda_ar,intensity,mode_nclus,avg_nclus,avg_nonalloc,ari_best_clus,CI_aris
0,100,2,2,8,50,0.696429314866984,0.726625,10,9,9.612,0.74,0.9857218078553062,"(0.9314536232345462, 0.9359709617204649)"
