,p,d,M,npc,dir_concentr,mode_nclus,avg_nclus,ari_best_clus,CI_aris
0,200,5,8,50,1,120,121.032,0.09743143110879472,"(0.09828958776418568, 0.09870758787842053)"
