,p,d,M,npc,dir_concentr,mode_nclus,avg_nclus,ari_best_clus,CI_aris
0,100,8,4,50,0.5,30,30.4188,0.6762525880245155,"(0.6696262281587052, 0.670049215984922)"
