,p,dtrue,d,M,npc,means_ar,lambda_ar,intensity,mode_nclus,avg_nclus,avg_nonalloc,ari_best_clus,CI_aris
0,100,5,5,4,50,0.18598319239730868,0.12277777777777778,10,4,4.006,0.742,1.0,"(0.9999282079344739, 0.9999919231735898)"
