,p,dtrue,d,M,npc,means_ar,lambda_ar,mode_nclus,avg_nclus,avg_nonalloc,ari_best_clus,CI_aris
0,200,2,5,4,50,0.9452798473971753,0.027696,7,7.3972,0.9324,0.9307755899911697,"(0.8966279095865776, 0.8993722994855128)"
