,p,d,M,npc,dir_concentr,mode_nclus,avg_nclus,ari_best_clus,CI_aris
0,400,2,4,50,1,39,38.984,0.19812593918395086,"(0.18544472157256628, 0.1861658908327639)"
