,p,d,M,npc,dir_concentr,mode_nclus,avg_nclus,ari_best_clus,CI_aris
0,400,8,4,50,0.5,73,72.336,0.07818577058916923,"(0.07883182411501996, 0.07887726342971238)"
