,p,dtrue,d,M,npc,means_ar,lambda_ar,mode_nclus,avg_nclus,avg_nonalloc,ari_best_clus,CI_aris
0,100,5,6,4,50,0.9586558354755784,0.048688,4,4.0308,1.0332,1.0,"(0.9997499260158537, 0.999840080338874)"
