,p,dtrue,d,M,npc,means_ar,lambda_ar,intensity,mode_nclus,avg_nclus,avg_nonalloc,ari_best_clus,CI_aris
0,400,2,2,4,50,0.18632539400402892,0.114,10,12,13.03625,1.06875,0.632237916403725,"(0.6302843224163596, 0.632701471925548)"
