,p,dtrue,d,M,npc,means_ar,lambda_ar,intensity,mode_nclus,avg_nclus,avg_nonalloc,ari_best_clus,CI_aris
0,200,2,2,4,50,0.15480476806376062,0.11733333333333333,10,6,6.41,0.878,0.8412018044735114,"(0.8366691839253457, 0.8402379514053262)"
