,p,dtrue,d,M,npc,means_ar,lambda_ar,intensity,mode_nclus,avg_nclus,avg_nonalloc,ari_best_clus,CI_aris
0,200,2,2,4,50,0.16788307330666719,0.10875,10,6,6.683,0.903,0.8519816307231203,"(0.8330697895019986, 0.8360237753691478)"
