,p,dtrue,d,M,npc,means_ar,lambda_ar,intensity,mode_nclus,avg_nclus,avg_nonalloc,ari_best_clus,CI_aris
0,400,5,5,4,50,0.37642602798757113,0.09728571428571428,5,6,6.35375,0.70625,0.9207629004324829,"(0.9096378326415153, 0.9112559872913821)"
