,p,dtrue,d,M,npc,means_ar,lambda_ar,intensity,mode_nclus,avg_nclus,avg_nonalloc,ari_best_clus,CI_aris
0,100,2,2,4,50,0.7348165172179941,0.604125,10,7,6.8,0.946,0.8361660476774182,"(0.8232195678881793, 0.8261041054367524)"
