,p,dtrue,d,M,npc,means_ar,lambda_ar,intensity,mode_nclus,avg_nclus,avg_nonalloc,ari_best_clus,CI_aris
0,200,5,5,8,50,0.459112620130057,0.498875,5,7,6.813,0.587,0.8689655172413793,"(0.8460121375426646, 0.853421484900728)"
