,p,d,M,npc,dir_concentr,mode_nclus,avg_nclus,ari_best_clus,CI_aris
0,400,5,4,50,0.1,8,8.1722,0.9665502030561841,"(0.9498657517808362, 0.9511976018663162)"
