,p,dtrue,d,M,npc,means_ar,lambda_ar,intensity,mode_nclus,avg_nclus,avg_nonalloc,ari_best_clus,CI_aris
0,100,8,8,4,50,0.18364473534000533,0.12214285714285714,5,3,3.48375,0.63375,0.6693924351141596,"(0.6583911677378832, 0.6606769775130877)"
