,p,d,M,npc,dir_concentr,mode_nclus,avg_nclus,ari_best_clus,CI_aris
0,100,2,4,50,1,8,8.291,0.8776217792550565,"(0.8600217386115488, 0.8609732188739209)"
