,p,d,M,npc,dir_concentr,mode_nclus,avg_nclus,ari_best_clus,CI_aris
0,100,5,4,50,0.5,68,68.176,0.07603698837493943,"(0.07971286802109079, 0.07996703388851073)"
