,p,d,M,npc,dir_concentr,mode_nclus,avg_nclus,ari_best_clus,CI_aris
0,400,5,4,50,0.1,84,83.4274,0.049018520124825764,"(0.050862860508621516, 0.05093982235142919)"
