,p,dtrue,d,M,npc,means_ar,lambda_ar,intensity,mode_nclus,avg_nclus,avg_nonalloc,ari_best_clus,CI_aris
0,200,8,8,4,50,0.15063776764927697,0.08742857142857142,10,4,4.00125,0.69375,0.9734666666666667,"(0.9699658387304108, 0.9707541558470404)"
