,p,d,M,npc,dir_concentr,mode_nclus,avg_nclus,ari_best_clus,CI_aris
0,100,2,4,50,0.1,5,4.759,0.9401606957735876,"(0.9529462721772463, 0.9550057346749447)"
