,p,dtrue,d,M,npc,means_ar,lambda_ar,intensity,mode_nclus,avg_nclus,avg_nonalloc,ari_best_clus,CI_aris
0,400,5,5,8,50,0.0966040967167677,0.06944444444444445,5,5,4.745,0.567,0.47384615384615386,"(0.5564691889653329, 0.5673596994936226)"
