,p,d,M,npc,dir_concentr,mode_nclus,avg_nclus,ari_best_clus,CI_aris
0,400,2,4,50,0.5,37,37.0168,0.19114074176425208,"(0.19445409895527546, 0.19518948156450402)"
