,p,d,M,npc,dir_concentr,mode_nclus,avg_nclus,ari_best_clus,CI_aris
0,200,2,8,50,0.5,50,49.461,0.31358270947998973,"(0.30768538358318853, 0.3088453401726172)"
