,p,dtrue,d,M,npc,means_ar,lambda_ar,intensity,mode_nclus,avg_nclus,avg_nonalloc,ari_best_clus,CI_aris
0,200,5,5,8,50,0.1252938889608827,0.14844444444444443,10,6,6.0,0.67,0.7615062761506276,"(0.7614923292045481, 0.7615107962480168)"
