,p,dtrue,d,M,npc,means_ar,lambda_ar,intensity,mode_nclus,avg_nclus,avg_nonalloc,ari_best_clus,CI_aris
0,200,2,2,4,50,0.8188258115208957,0.575875,10,11,10.935,1.081,0.7286710720086873,"(0.7264484367643623, 0.729393542533176)"
