,p,dtrue,d,M,npc,means_ar,lambda_ar,intensity,mode_nclus,avg_nclus,avg_nonalloc,ari_best_clus,CI_aris
0,200,5,5,8,50,0.4651641902859283,0.349625,10,6,6.0,0.676,0.7615062761506276,"(0.7614239580151528, 0.7614848989505064)"
