,p,dtrue,d,M,npc,means_ar,lambda_ar,intensity,mode_nclus,avg_nclus,avg_nonalloc,ari_best_clus,CI_aris
0,200,5,5,8,50,0.12491169362335007,0.12844444444444444,20,6,6.001,0.875,0.7615062761506276,"(0.7615018322708296, 0.7615077163777111)"
