,p,d,M,npc,dir_concentr,mode_nclus,avg_nclus,ari_best_clus,CI_aris
0,200,8,4,50,1,61,60.5426,0.15556948310960175,"(0.15534617309201385, 0.15542951305823008)"
