,p,d,M,npc,dir_concentr,mode_nclus,avg_nclus,ari_best_clus,CI_aris
0,100,2,4,50,0.1,7,7.2856,0.8655533587827392,"(0.8567478352584461, 0.8575340841765782)"
