,p,dtrue,d,M,npc,means_ar,lambda_ar,mode_nclus,avg_nclus,avg_nonalloc,ari_best_clus,CI_aris
0,100,5,4,8,50,0.9524378049889034,0.147256,8,8.0412,0.978,1.0,"(0.9998191324204039, 0.9998794939363368)"
