,p,dtrue,d,M,npc,means_ar,lambda_ar,intensity,mode_nclus,avg_nclus,avg_nonalloc,ari_best_clus,CI_aris
0,200,2,2,4,50,0.7296112991255698,0.4155,5,6,6.475,0.681,0.7371342639418959,"(0.7240662758383223, 0.7280289134291607)"
