,p,d,M,npc,dir_concentr,mode_nclus,avg_nclus,ari_best_clus,CI_aris
0,200,5,4,50,1,65,68.002,0.06264380970738112,"(0.07188719293279404, 0.07239933584759096)"
