,p,dtrue,d,M,npc,means_ar,lambda_ar,intensity,mode_nclus,avg_nclus,avg_nonalloc,ari_best_clus,CI_aris
0,200,2,2,8,50,0.6789464534075105,0.431625,5,7,7.303,0.611,0.5883807630752577,"(0.5651567481280415, 0.5685840648414213)"
