,p,dtrue,d,M,npc,means_ar,lambda_ar,intensity,mode_nclus,avg_nclus,avg_nonalloc,ari_best_clus,CI_aris
0,200,2,2,8,50,0.1400493083139296,0.11244444444444444,5,6,6.58,0.592,0.592435818153319,"(0.5770633082062375, 0.5807107851171198)"
