,p,dtrue,d,M,npc,means_ar,lambda_ar,intensity,mode_nclus,avg_nclus,avg_nonalloc,ari_best_clus,CI_aris
0,200,2,2,8,50,0.0920294772056619,0.17575,5,8,8.264,0.606,0.8265939982566182,"(0.794180614857764, 0.7986973333582538)"
