,p,dtrue,d,M,npc,means_ar,lambda_ar,intensity,mode_nclus,avg_nclus,avg_nonalloc,ari_best_clus,CI_aris
0,100,5,5,4,50,0.3861167725692363,0.1337142857142857,5,6,6.01625,0.65625,0.9532458860529053,"(0.9482929820525181, 0.9492726148782549)"
