,p,d,M,npc,dir_concentr,mode_nclus,avg_nclus,ari_best_clus,CI_aris
0,400,2,4,50,0.1,9,9.7218,0.8705584464891907,"(0.8493608192734925, 0.8506518880325964)"
