,p,d,M,npc,dir_concentr,mode_nclus,avg_nclus,ari_best_clus,CI_aris
0,200,2,4,50,0.1,9,8.4466,0.8776217792550565,"(0.8603635004560664, 0.8612005802778435)"
