,p,dtrue,d,M,npc,means_ar,lambda_ar,intensity,mode_nclus,avg_nclus,avg_nonalloc,ari_best_clus,CI_aris
0,100,2,2,8,50,0.3547318199942253,0.22133333333333333,5,8,8.386,0.586,0.994242089377711,"(0.9851551913176201, 0.9866776533500395)"
