,p,dtrue,d,M,npc,means_ar,lambda_ar,intensity,mode_nclus,avg_nclus,avg_nonalloc,ari_best_clus,CI_aris
0,100,2,2,8,50,0.07520571968164036,0.214,5,8,7.592,0.626,0.776219854178351,"(0.7794640440140332, 0.783163113262795)"
