,p,dtrue,d,M,npc,means_ar,lambda_ar,mode_nclus,avg_nclus,avg_nonalloc,ari_best_clus,CI_aris
0,100,2,2,8,50,0.9598992526205287,0.25792,14,13.6456,0.6372,0.9271388043996251,"(0.8494845493134527, 0.8536232397297684)"
