,p,dtrue,d,M,npc,means_ar,lambda_ar,intensity,mode_nclus,avg_nclus,avg_nonalloc,ari_best_clus,CI_aris
0,400,2,2,4,50,0.15728857566765578,0.10566666666666667,20,6,5.989,1.205,0.8031037552175501,"(0.7086174989279656, 0.7214499872640189)"
