,p,dtrue,d,M,npc,means_ar,lambda_ar,intensity,mode_nclus,avg_nclus,avg_nonalloc,ari_best_clus,CI_aris
0,400,2,2,4,50,0.1583319725669497,0.05455555555555556,20,5,5.298,1.16,0.8641026143370119,"(0.6948258949761789, 0.7102660560010406)"
