,p,dtrue,d,M,npc,means_ar,lambda_ar,mode_nclus,avg_nclus,avg_nonalloc,ari_best_clus,CI_aris
0,100,2,2,8,50,0.9629261483027156,0.275852,13,13.3272,0.792,0.874205342731974,"(0.8020131224712367, 0.8076136693314123)"
