,p,dtrue,d,M,npc,means_ar,lambda_ar,intensity,mode_nclus,avg_nclus,avg_nonalloc,ari_best_clus,CI_aris
0,100,2,2,8,50,0.08735711396425415,0.27625,10,8,8.775,0.803,0.9010531856208026,"(0.8821786357011372, 0.8855834333304824)"
