,p,dtrue,d,M,npc,means_ar,lambda_ar,intensity,mode_nclus,avg_nclus,avg_nonalloc,ari_best_clus,CI_aris
0,100,2,2,8,50,0.39261129504799563,0.245,10,9,9.759,0.759,0.9347201230291035,"(0.8812580473664067, 0.886325153244576)"
