,p,d,M,npc,dir_concentr,mode_nclus,avg_nclus,ari_best_clus,CI_aris
0,200,2,4,50,0.1,6,5.851,0.9234970206126119,"(0.9007353409732807, 0.9047855669882504)"
