,p,d,M,npc,dir_concentr,mode_nclus,avg_nclus,ari_best_clus,CI_aris
0,400,8,4,50,0.1,75,74.3702,0.07468140433032175,"(0.0749498387293677, 0.0749912144912876)"
