,p,dtrue,d,M,npc,means_ar,lambda_ar,intensity,mode_nclus,avg_nclus,avg_nonalloc,ari_best_clus,CI_aris
0,100,5,5,8,50,0.010934343005586024,0.15433333333333332,10,7,7.0,0.674,0.8661378873827268,"(0.866137887382727, 0.866137887382727)"
