,p,dtrue,d,M,npc,means_ar,lambda_ar,mode_nclus,avg_nclus,avg_nonalloc,ari_best_clus,CI_aris
0,100,5,4,8,50,0.9599171531869013,0.231924,8,8.0004,1.0492,1.0,"(0.9987988845750708, 0.9989787662906953)"
