,p,dtrue,d,M,npc,means_ar,lambda_ar,intensity,mode_nclus,avg_nclus,avg_nonalloc,ari_best_clus,CI_aris
0,100,5,5,8,50,0.0042583765596523205,0.0925,10,8,7.506,0.714,0.8689655172413793,"(0.9286738432896523, 0.9367260686914584)"
