,p,d,M,npc,dir_concentr,mode_nclus,avg_nclus,ari_best_clus,CI_aris
0,200,2,4,50,0.5,27,27.199,0.2658389895317144,"(0.25434730072910405, 0.2559705342377453)"
