,p,d,M,npc,dir_concentr,mode_nclus,avg_nclus,ari_best_clus,CI_aris
0,200,8,4,50,0.1,61,60.4392,0.15529321674502494,"(0.1554414184006425, 0.15547152077562257)"
