,p,dtrue,d,M,npc,means_ar,lambda_ar,intensity,mode_nclus,avg_nclus,avg_nonalloc,ari_best_clus,CI_aris
0,100,5,5,8,50,0.012495044795052724,0.14766666666666667,5,8,7.786,0.582,1.0,"(0.9677870406749651, 0.9746101279163122)"
