,p,dtrue,d,M,npc,means_ar,lambda_ar,intensity,mode_nclus,avg_nclus,avg_nonalloc,ari_best_clus,CI_aris
0,200,8,8,4,50,0.14031731371837583,0.07771428571428571,5,4,4.065,0.645,0.9600728557310976,"(0.9574167930331535, 0.9583767972846241)"
