,p,d,M,npc,dir_concentr,mode_nclus,avg_nclus,ari_best_clus,CI_aris
0,400,2,4,50,0.5,11,10.8058,0.8504082262993923,"(0.831975079330315, 0.8336282057263747)"
