,p,dtrue,d,M,npc,means_ar,lambda_ar,intensity,mode_nclus,avg_nclus,avg_nonalloc,ari_best_clus,CI_aris
0,200,2,2,8,50,0.21553176457801207,0.24122222222222223,20,8,8.363,1.029,0.6004141933197484,"(0.5689312997245418, 0.5741145152344181)"
