,p,dtrue,d,M,npc,means_ar,lambda_ar,intensity,mode_nclus,avg_nclus,avg_nonalloc,ari_best_clus,CI_aris
0,200,2,2,8,50,0.1377183216834267,0.087,20,7,6.868,0.882,0.474840809623605,"(0.45834432776259393, 0.46097742716555157)"
