,p,dtrue,d,M,npc,means_ar,lambda_ar,intensity,mode_nclus,avg_nclus,avg_nonalloc,ari_best_clus,CI_aris
0,200,2,2,8,50,0.1473053892215569,0.14266666666666666,20,8,8.357,0.969,0.7164413252141604,"(0.7439084870677021, 0.7529307422655652)"
