,p,dtrue,d,M,npc,means_ar,lambda_ar,intensity,mode_nclus,avg_nclus,avg_nonalloc,ari_best_clus,CI_aris
0,100,2,2,4,50,0.21397046892747038,0.1782857142857143,20,9,9.49875,1.27375,0.6635154751671131,"(0.6328486249778512, 0.6386919464407087)"
