,p,d,M,npc,dir_concentr,mode_nclus,avg_nclus,ari_best_clus,CI_aris
0,400,2,4,50,1,11,11.2906,0.8438290130397831,"(0.822871957883749, 0.8247351301915421)"
