,p,d,M,npc,dir_concentr,mode_nclus,avg_nclus,ari_best_clus,CI_aris
0,200,5,8,50,0.25,120,120.2975,0.09643664867202273,"(0.09788474505217028, 0.09808238838218993)"
