,p,dtrue,d,M,npc,means_ar,lambda_ar,intensity,mode_nclus,avg_nclus,avg_nonalloc,ari_best_clus,CI_aris
0,400,2,2,4,50,0.1503371589335953,0.09342857142857143,5,6,6.52375,0.69375,0.4591714871597002,"(0.4623822227589148, 0.4636735394043037)"
