,p,d,M,npc,dir_concentr,mode_nclus,avg_nclus,ari_best_clus,CI_aris
0,100,8,4,50,1,34,34.4486,0.7382684104051335,"(0.738371983001877, 0.7384531736209036)"
