,p,d,M,npc,dir_concentr,mode_nclus,avg_nclus,ari_best_clus,CI_aris
0,100,8,4,50,0.1,30,29.5864,0.7633314042099331,"(0.7642655014722203, 0.7643944641243304)"
