,p,dtrue,d,M,npc,means_ar,lambda_ar,intensity,mode_nclus,avg_nclus,avg_nonalloc,ari_best_clus,CI_aris
0,200,5,5,8,50,0.1262784751278475,0.08466666666666667,5,6,6.067,0.587,0.7615062761506276,"(0.7638891385048956, 0.7668596405711618)"
