,p,dtrue,d,M,npc,means_ar,lambda_ar,intensity,mode_nclus,avg_nclus,avg_nonalloc,ari_best_clus,CI_aris
0,100,2,2,4,50,0.153325168856231,0.22655555555555557,20,6,6.071,1.215,0.913956851694473,"(0.8834312963666088, 0.8893025930999116)"
