,p,dtrue,d,M,npc,means_ar,lambda_ar,intensity,mode_nclus,avg_nclus,avg_nonalloc,ari_best_clus,CI_aris
0,100,2,2,4,50,0.19000099393698439,0.2,20,6,6.268,1.232,0.9262689885142645,"(0.8944509342514423, 0.8996125030540499)"
