,p,d,M,npc,dir_concentr,mode_nclus,avg_nclus,ari_best_clus,CI_aris
0,200,2,4,50,0.25,25,21.5265,0.26277486896311897,"(0.36557960472913426, 0.38374947638321294)"
