,p,dtrue,d,M,npc,means_ar,lambda_ar,intensity,mode_nclus,avg_nclus,avg_nonalloc,ari_best_clus,CI_aris
0,100,8,8,4,50,0.1831051752921536,0.08685714285714285,5,4,4.02125,0.60125,1.0,"(0.9997920512282799, 0.9999250797794461)"
