,p,dtrue,d,M,npc,means_ar,lambda_ar,intensity,mode_nclus,avg_nclus,avg_nonalloc,ari_best_clus,CI_aris
0,200,5,5,8,50,0.09903981611922592,0.05444444444444444,20,6,6.004,0.844,0.7615062761506276,"(0.7614633795481924, 0.7615057994797505)"
