,p,dtrue,d,M,npc,means_ar,lambda_ar,intensity,mode_nclus,avg_nclus,avg_nonalloc,ari_best_clus,CI_aris
0,200,5,5,8,50,0.0031537450722733244,0.079,20,7,7.002,0.9,0.8587147595966431,"(0.8596331189021715, 0.8605476412969864)"
