,p,dtrue,d,M,npc,means_ar,lambda_ar,intensity,mode_nclus,avg_nclus,avg_nonalloc,ari_best_clus,CI_aris
0,200,5,5,8,50,0.43816046079187265,0.29625,20,5,5.476,0.9,0.5903584000203939,"(0.619277046921159, 0.6297449852096588)"
