,p,dtrue,d,M,npc,means_ar,lambda_ar,intensity,mode_nclus,avg_nclus,avg_nonalloc,ari_best_clus,CI_aris
0,200,5,5,8,50,0.12768788205681408,0.0908888888888889,20,6,6.327,0.875,0.7587436593223366,"(0.7912986779130124, 0.7975799989049128)"
