,p,d,M,npc,dir_concentr,mode_nclus,avg_nclus,ari_best_clus,CI_aris
0,200,5,4,50,1,76,76.4228,0.0719422156985755,"(0.06910356619851832, 0.06932136151420287)"
