,p,dtrue,d,M,npc,means_ar,lambda_ar,intensity,mode_nclus,avg_nclus,avg_nonalloc,ari_best_clus,CI_aris
0,200,8,8,4,50,0.1387431076861755,0.09171428571428572,20,4,4.0,1.01,0.986598879940902,"(0.9865498311128184, 0.9866147735401419)"
