,p,dtrue,d,M,npc,means_ar,lambda_ar,intensity,mode_nclus,avg_nclus,avg_nonalloc,ari_best_clus,CI_aris
0,100,2,2,8,50,0.7225880005700441,0.73125,20,9,9.206,1.048,0.9971438592974896,"(0.9763672267209357, 0.9787560884589385)"
