,p,dtrue,d,M,npc,means_ar,lambda_ar,intensity,mode_nclus,avg_nclus,avg_nonalloc,ari_best_clus,CI_aris
0,200,5,5,8,50,0.12824407683900488,0.12733333333333333,10,6,6.005,0.683,0.7615062761506276,"(0.7582252779708454, 0.7586761350005329)"
