,p,dtrue,d,M,npc,means_ar,lambda_ar,mode_nclus,avg_nclus,avg_nonalloc,ari_best_clus,CI_aris
0,100,2,5,4,50,0.9613692129367134,0.117596,7,7.0372,0.8724,0.9090792636842263,"(0.9014433730125028, 0.9025320555714883)"
