,p,d,M,npc,dir_concentr,mode_nclus,avg_nclus,ari_best_clus,CI_aris
0,100,5,4,50,1,69,68.9814,0.06978529987435363,"(0.07887284684280059, 0.0791335921410377)"
