,p,dtrue,d,M,npc,means_ar,lambda_ar,intensity,mode_nclus,avg_nclus,avg_nonalloc,ari_best_clus,CI_aris
0,400,2,2,4,50,0.1552237545141602,0.06457142857142857,20,7,6.9075,1.0925,0.45777848264624205,"(0.46338185227240986, 0.46477032256304923)"
