,p,d,M,npc,dir_concentr,mode_nclus,avg_nclus,ari_best_clus,CI_aris
0,100,8,4,50,1,31,31.0,0.7511676657717627,"(0.7505259413847563, 0.7505985608877042)"
