,p,dtrue,d,M,npc,means_ar,lambda_ar,intensity,mode_nclus,avg_nclus,avg_nonalloc,ari_best_clus,CI_aris
0,200,5,5,4,50,0.14761253681110645,0.1632222222222222,10,4,4.008,0.742,1.0,"(0.9997885459047439, 0.999982110672221)"
