,p,d,M,npc,dir_concentr,mode_nclus,avg_nclus,ari_best_clus,CI_aris
0,200,2,4,50,1,30,29.7915,0.2429470036536216,"(0.23754868916974473, 0.23903275022231504)"
