,p,d,M,npc,dir_concentr,mode_nclus,avg_nclus,ari_best_clus,CI_aris
0,200,5,4,50,0.25,71,71.1,0.06293860023348515,"(0.06759402598047858, 0.06789595443431042)"
