,p,d,M,npc,dir_concentr,mode_nclus,avg_nclus,ari_best_clus,CI_aris
0,400,2,4,50,0.1,10,9.9692,0.7244028058008055,"(0.7156193111117404, 0.719922033209575)"
