,p,dtrue,d,M,npc,means_ar,lambda_ar,intensity,mode_nclus,avg_nclus,avg_nonalloc,ari_best_clus,CI_aris
0,100,5,5,8,50,0.1108702737940026,0.12788888888888889,20,7,7.0,0.932,0.8661378873827268,"(0.8605272516028708, 0.861121156062512)"
