,p,dtrue,d,M,npc,means_ar,lambda_ar,intensity,mode_nclus,avg_nclus,avg_nonalloc,ari_best_clus,CI_aris
0,200,2,2,8,50,0.1624711834511782,0.16344444444444445,10,7,7.299,0.763,0.7227241139680334,"(0.6909639735616682, 0.6941655060004601)"
