,p,dtrue,d,M,npc,means_ar,lambda_ar,intensity,mode_nclus,avg_nclus,avg_nonalloc,ari_best_clus,CI_aris
0,200,2,2,8,50,0.11483325464612215,0.212375,10,6,5.913,0.693,0.4446082623915984,"(0.4535122439285222, 0.46007628099992515)"
