,p,dtrue,d,M,npc,means_ar,lambda_ar,intensity,mode_nclus,avg_nclus,avg_nonalloc,ari_best_clus,CI_aris
0,200,2,2,8,50,0.6437865481302462,0.393375,10,6,5.792,0.7,0.46439015700692254,"(0.4437477305479059, 0.4456243967257298)"
