,p,dtrue,d,M,npc,means_ar,lambda_ar,intensity,mode_nclus,avg_nclus,avg_nonalloc,ari_best_clus,CI_aris
0,200,2,2,8,50,0.17268455178157158,0.084,10,7,7.652,0.764,0.6928984495409218,"(0.6456135088444518, 0.6506536022425983)"
