,p,dtrue,d,M,npc,means_ar,lambda_ar,intensity,mode_nclus,avg_nclus,avg_nonalloc,ari_best_clus,CI_aris
0,200,5,5,8,50,0.12483298693586699,0.10577777777777778,5,6,6.003,0.569,0.7615062761506276,"(0.7614886239649548, 0.7615073526353311)"
