,p,dtrue,d,M,npc,means_ar,lambda_ar,intensity,mode_nclus,avg_nclus,avg_nonalloc,ari_best_clus,CI_aris
0,200,5,5,8,50,0.10640699523052465,0.05344444444444445,5,7,7.222,0.58,0.8689655172413793,"(0.892356760872452, 0.8990468824605519)"
