,p,d,M,npc,dir_concentr,mode_nclus,avg_nclus,ari_best_clus,CI_aris
0,200,8,4,50,1,62,61.84,0.10673964090035815,"(0.10843979083192888, 0.10858493940605278)"
