,p,dtrue,d,M,npc,means_ar,lambda_ar,intensity,mode_nclus,avg_nclus,avg_nonalloc,ari_best_clus,CI_aris
0,400,8,8,4,50,0.09550196682059175,0.09771428571428571,5,4,4.00125,0.61375,1.0,"(0.9999753842525596, 1.0000079763949536)"
