,p,dtrue,d,M,npc,means_ar,lambda_ar,intensity,mode_nclus,avg_nclus,avg_nonalloc,ari_best_clus,CI_aris
0,400,8,8,4,50,0.19261670185315505,0.081,10,5,4.7325,0.7675,0.9534162359674404,"(0.9597315812511769, 0.9608761278175348)"
