,p,d,M,npc,dir_concentr,mode_nclus,avg_nclus,ari_best_clus,CI_aris
0,400,8,4,50,0.1,77,78.1204,0.09385102019534916,"(0.09348548764828318, 0.09354223538172865)"
