,p,d,M,npc,dir_concentr,mode_nclus,avg_nclus,ari_best_clus,CI_aris
0,400,8,4,50,1,76,76.5052,0.08226349245917985,"(0.08275587101265808, 0.08279296075238934)"
