,p,dtrue,d,M,npc,means_ar,lambda_ar,intensity,mode_nclus,avg_nclus,avg_nonalloc,ari_best_clus,CI_aris
0,400,5,5,4,50,0.20765776666397784,0.13,20,5,5.1525,1.2225,0.9143494953558182,"(0.9180095259382286, 0.9192737051127982)"
