,p,d,M,npc,dir_concentr,mode_nclus,avg_nclus,ari_best_clus,CI_aris
0,200,2,8,50,1,53,52.927,0.28357110969989247,"(0.29016289023736935, 0.29125749023964836)"
