,p,d,M,npc,dir_concentr,mode_nclus,avg_nclus,ari_best_clus,CI_aris
0,100,5,4,50,0.1,54,54.2742,0.0941395171476918,"(0.09917739340848164, 0.0995101831092052)"
