,p,dtrue,d,M,npc,means_ar,lambda_ar,intensity,mode_nclus,avg_nclus,avg_nonalloc,ari_best_clus,CI_aris
0,400,5,5,4,50,0.15776336781431732,0.035333333333333335,20,4,4.123,1.077,1.0,"(0.9889006955117646, 0.9906873273869788)"
