,p,d,M,npc,dir_concentr,mode_nclus,avg_nclus,ari_best_clus,CI_aris
0,400,8,4,50,0.5,75,75.0214,0.1062753506708938,"(0.1056400280746073, 0.10566260874024737)"
