,p,dtrue,d,M,npc,means_ar,lambda_ar,intensity,mode_nclus,avg_nclus,avg_nonalloc,ari_best_clus,CI_aris
0,100,2,2,4,50,0.7423424033593525,0.60975,5,8,7.694,0.668,0.8481077224244864,"(0.8199347214248466, 0.823638443318281)"
