,p,d,M,npc,dir_concentr,mode_nclus,avg_nclus,ari_best_clus,CI_aris
0,200,5,8,50,0.5,122,122.111,0.09116083867971585,"(0.09655941410168807, 0.0968565261525026)"
