,p,dtrue,d,M,npc,means_ar,lambda_ar,intensity,mode_nclus,avg_nclus,avg_nonalloc,ari_best_clus,CI_aris
0,100,5,5,4,50,0.1899321296611724,0.15766666666666668,10,4,4.024,0.756,1.0,"(0.9997771265111874, 0.9999033979210681)"
