,p,d,M,npc,dir_concentr,mode_nclus,avg_nclus,ari_best_clus,CI_aris
0,200,2,8,50,0.25,47,46.5005,0.32699504120043504,"(0.32386689632018234, 0.32488658301630097)"
