,p,dtrue,d,M,npc,means_ar,lambda_ar,intensity,mode_nclus,avg_nclus,avg_nonalloc,ari_best_clus,CI_aris
0,100,2,2,4,50,0.15469183411135917,0.14366666666666666,5,6,6.637,0.689,0.8252476272138612,"(0.8238779530758286, 0.8289369021784522)"
