,p,dtrue,d,M,npc,means_ar,lambda_ar,intensity,mode_nclus,avg_nclus,avg_nonalloc,ari_best_clus,CI_aris
0,100,2,2,4,50,0.15509528070208836,0.150875,5,6,6.609,0.691,0.8252476272138612,"(0.8253849266455758, 0.8306169588588342)"
