,p,dtrue,d,M,npc,means_ar,lambda_ar,mode_nclus,avg_nclus,avg_nonalloc,ari_best_clus,CI_aris
0,100,2,5,4,50,0.9629629629629629,1.0,4,4.5,0.0,0.46285798166424025,"(0.45737916755188424, 0.4967315084830012)"
