,p,dtrue,d,M,npc,means_ar,lambda_ar,intensity,mode_nclus,avg_nclus,avg_nonalloc,ari_best_clus,CI_aris
0,200,2,2,8,50,0.7208007911552896,0.619875,20,10,10.488,1.044,0.6840258557341559,"(0.648528983694101, 0.6569774856653811)"
