,p,d,M,npc,dir_concentr,mode_nclus,avg_nclus,ari_best_clus,CI_aris
0,200,8,4,50,0.1,39,39.93,0.22765609181481866,"(0.22808375738592843, 0.2290825112124464)"
