,p,d,M,npc,dir_concentr,mode_nclus,avg_nclus,ari_best_clus,CI_aris
0,400,5,4,50,0.5,8,8.322,0.9665502030561841,"(0.9480844301103781, 0.9495295407049402)"
