,p,dtrue,d,M,npc,means_ar,lambda_ar,intensity,mode_nclus,avg_nclus,avg_nonalloc,ari_best_clus,CI_aris
0,100,2,2,4,50,0.19689519527957292,0.14871428571428572,5,8,8.53375,0.72375,0.6801930914222265,"(0.6570606253980757, 0.6622796488230827)"
