,p,d,M,npc,dir_concentr,mode_nclus,avg_nclus,ari_best_clus,CI_aris
0,200,2,4,50,1,9,9.443,0.8776217792550565,"(0.8549906973869443, 0.8561736617012734)"
