,p,dtrue,d,M,npc,means_ar,lambda_ar,intensity,mode_nclus,avg_nclus,avg_nonalloc,ari_best_clus,CI_aris
0,100,2,2,8,50,0.40768841022176605,0.255,20,9,8.96,0.956,0.994242089377711,"(0.9676051058851237, 0.9703178779874281)"
