,p,dtrue,d,M,npc,means_ar,lambda_ar,intensity,mode_nclus,avg_nclus,avg_nonalloc,ari_best_clus,CI_aris
0,100,5,5,4,50,0.17712669860969288,0.10011111111111111,5,4,4.01,0.61,1.0,"(0.9998923974160091, 0.9999744877640971)"
