,p,dtrue,d,M,npc,means_ar,lambda_ar,intensity,mode_nclus,avg_nclus,avg_nonalloc,ari_best_clus,CI_aris
0,200,2,2,4,50,0.17983884095718705,0.13457142857142856,20,7,7.23,1.175,0.6876003887518041,"(0.6818668190258339, 0.6844878132529433)"
