,p,d,M,npc,dir_concentr,mode_nclus,avg_nclus,ari_best_clus,CI_aris
0,200,5,4,50,0.1,66,68.9645,0.05969261318985668,"(0.06769218793998728, 0.06811377522887914)"
