,p,dtrue,d,M,npc,means_ar,lambda_ar,intensity,mode_nclus,avg_nclus,avg_nonalloc,ari_best_clus,CI_aris
0,400,5,5,8,50,0.10172174516436812,0.112,20,5,5.026,0.796,0.5957446808510638,"(0.5888080000634002, 0.5910373202264592)"
