,p,dtrue,d,M,npc,means_ar,lambda_ar,mode_nclus,avg_nclus,avg_nonalloc,ari_best_clus,CI_aris
0,200,2,5,4,50,0.9446524725191898,0.03066,6,6.1448,0.9368,0.8816052788144302,"(0.8738655106921652, 0.8763614218879411)"
