,p,dtrue,d,M,npc,means_ar,lambda_ar,intensity,mode_nclus,avg_nclus,avg_nonalloc,ari_best_clus,CI_aris
0,200,2,2,4,50,0.14906090737374816,0.16466666666666666,5,6,6.275,0.677,0.8575597401167272,"(0.8219625111671286, 0.8251249077123758)"
