,p,dtrue,d,M,npc,means_ar,lambda_ar,intensity,mode_nclus,avg_nclus,avg_nonalloc,ari_best_clus,CI_aris
0,200,2,2,4,50,0.13530736428537204,0.1055,5,5,5.11,0.658,0.7350427121225732,"(0.7084544547675127, 0.7120163365096637)"
