,p,dtrue,d,M,npc,means_ar,lambda_ar,intensity,mode_nclus,avg_nclus,avg_nonalloc,ari_best_clus,CI_aris
0,200,5,5,4,50,0.27994291040428754,0.17914285714285713,20,5,4.72875,1.18875,0.9344789115646258,"(0.9350314237314542, 0.9361404131523047)"
