,p,dtrue,d,M,npc,means_ar,lambda_ar,intensity,mode_nclus,avg_nclus,avg_nonalloc,ari_best_clus,CI_aris
0,400,2,2,8,50,0.21715277290892518,0.142,10,6,6.371,0.767,0.45072718232581205,"(0.4372360566023706, 0.43931607368406295)"
