,p,dtrue,d,M,npc,means_ar,lambda_ar,intensity,mode_nclus,avg_nclus,avg_nonalloc,ari_best_clus,CI_aris
0,200,2,2,4,50,0.18411162558916966,0.1317142857142857,10,7,6.87,0.94,0.6115729364942032,"(0.5887362719453382, 0.5943490592898906)"
