,p,dtrue,d,M,npc,means_ar,lambda_ar,intensity,mode_nclus,avg_nclus,avg_nonalloc,ari_best_clus,CI_aris
0,100,8,8,4,50,0.21961810388019817,0.06757142857142857,20,5,5.0,1.1375,0.9671946478370173,"(0.9724614432756238, 0.9733211804416095)"
