,p,d,M,npc,dir_concentr,mode_nclus,avg_nclus,ari_best_clus,CI_aris
0,400,5,4,50,1,86,86.0854,0.04812547734520899,"(0.050433906128312674, 0.05056739672631048)"
