,p,dtrue,d,M,npc,means_ar,lambda_ar,intensity,mode_nclus,avg_nclus,avg_nonalloc,ari_best_clus,CI_aris
0,200,5,5,4,50,0.03139273927392739,0.07477777777777778,20,4,4.006,1.016,1.0,"(0.999825585540971, 0.9999959851400186)"
