,p,d,M,npc,dir_concentr,mode_nclus,avg_nclus,ari_best_clus,CI_aris
0,200,2,4,50,0.5,9,9.0276,0.8776217792550565,"(0.8585591302163812, 0.8596089293305577)"
