,p,dtrue,d,M,npc,means_ar,lambda_ar,intensity,mode_nclus,avg_nclus,avg_nonalloc,ari_best_clus,CI_aris
0,200,2,2,4,50,0.18214212421410048,0.11742857142857142,5,8,7.9025,0.7225,0.6867052023121387,"(0.6398604677989469, 0.6466454816407236)"
