,p,dtrue,d,M,npc,means_ar,lambda_ar,intensity,mode_nclus,avg_nclus,avg_nonalloc,ari_best_clus,CI_aris
0,100,2,2,4,50,0.2388186713540359,0.15814285714285714,10,11,11.125,1.0275,0.5016146664278288,"(0.5133245077682225, 0.5178315514652476)"
