,p,dtrue,d,M,npc,means_ar,lambda_ar,mode_nclus,avg_nclus,avg_nonalloc,ari_best_clus,CI_aris
0,100,2,5,4,50,0.9706639436946178,0.11616,6,6.188,1.3584,0.8874438423549973,"(0.8768776848271371, 0.8788654465815673)"
