,p,dtrue,d,M,npc,means_ar,lambda_ar,mode_nclus,avg_nclus,avg_nonalloc,ari_best_clus,CI_aris
0,100,2,5,4,50,0.9710330856259783,0.107636,7,6.982,0.7612,0.9281612761300949,"(0.9118931192990825, 0.9151705894375035)"
