,p,dtrue,d,M,npc,means_ar,lambda_ar,mode_nclus,avg_nclus,avg_nonalloc,ari_best_clus,CI_aris
0,100,2,2,8,50,0.9711503205230488,0.373156,16,16.5688,1.2616,0.7959125475285171,"(0.7674903577131481, 0.7700087414859246)"
