,p,dtrue,d,M,npc,means_ar,lambda_ar,intensity,mode_nclus,avg_nclus,avg_nonalloc,ari_best_clus,CI_aris
0,400,8,8,4,50,0.10629463544261751,0.04071428571428572,5,4,4.0075,0.6625,0.9733367884034787,"(0.9733469799155972, 0.9734270780108136)"
