,p,d,M,npc,dir_concentr,mode_nclus,avg_nclus,ari_best_clus,CI_aris
0,100,5,4,50,0.1,65,63.7094,0.07953759578950309,"(0.08309055412706769, 0.08334109824690457)"
