,p,dtrue,d,M,npc,means_ar,lambda_ar,intensity,mode_nclus,avg_nclus,avg_nonalloc,ari_best_clus,CI_aris
0,100,5,5,8,50,0.5470270720880311,0.4535,20,6,6.0,0.884,0.7559712660377264,"(0.7513876374046956, 0.7522739691910648)"
