,p,dtrue,d,M,npc,means_ar,lambda_ar,intensity,mode_nclus,avg_nclus,avg_nonalloc,ari_best_clus,CI_aris
0,400,2,2,8,50,0.24561036115854248,0.11977777777777777,20,7,6.971,0.967,0.42614757166582606,"(0.4282404203265326, 0.4299830693996634)"
