,p,dtrue,d,M,npc,means_ar,lambda_ar,intensity,mode_nclus,avg_nclus,avg_nonalloc,ari_best_clus,CI_aris
0,400,2,2,4,50,0.17132887695293356,0.06733333333333333,5,6,5.583,0.707,0.6039911768936912,"(0.5885783274885545, 0.5914274561666215)"
