,p,dtrue,d,M,npc,means_ar,lambda_ar,intensity,mode_nclus,avg_nclus,avg_nonalloc,ari_best_clus,CI_aris
0,400,2,2,4,50,0.1703188023580515,0.14055555555555554,5,6,5.672,0.702,0.6014416999578638,"(0.5962350880074185, 0.598893099442618)"
