,p,d,M,npc,dir_concentr,mode_nclus,avg_nclus,ari_best_clus,CI_aris
0,100,2,4,50,1,28,27.6118,0.21649446308517445,"(0.26807053319952473, 0.2697412052998817)"
