,p,dtrue,d,M,npc,means_ar,lambda_ar,intensity,mode_nclus,avg_nclus,avg_nonalloc,ari_best_clus,CI_aris
0,200,2,2,8,50,0.17901298060109852,0.15766666666666668,5,5,5.438,0.594,0.47384615384615386,"(0.45546411131634523, 0.45884690056334554)"
