,p,d,M,npc,dir_concentr,mode_nclus,avg_nclus,ari_best_clus,CI_aris
0,100,5,4,50,0.5,62,62.6458,0.08197260798544836,"(0.08054161238081593, 0.0807167260566267)"
