,p,dtrue,d,M,npc,means_ar,lambda_ar,intensity,mode_nclus,avg_nclus,avg_nonalloc,ari_best_clus,CI_aris
0,200,5,5,8,50,0.10881133593218241,0.08044444444444444,10,8,7.719,0.675,1.0,"(0.9565472350588011, 0.9637744797106425)"
