,p,dtrue,d,M,npc,means_ar,lambda_ar,intensity,mode_nclus,avg_nclus,avg_nonalloc,ari_best_clus,CI_aris
0,200,5,5,8,50,0.003370740329674847,0.042875,10,6,6.0,0.672,0.7615062761506276,"(0.7615062761506277, 0.7615062761506277)"
