,p,d,M,npc,dir_concentr,mode_nclus,avg_nclus,ari_best_clus,CI_aris
0,100,8,4,50,0.1,38,39.1714,0.7294921716337484,"(0.734281733683508, 0.7346032956243357)"
