,p,dtrue,d,M,npc,means_ar,lambda_ar,intensity,mode_nclus,avg_nclus,avg_nonalloc,ari_best_clus,CI_aris
0,400,5,5,4,50,0.19427482780518782,0.05466666666666667,10,4,4.356,0.828,1.0,"(0.9897247937555331, 0.9920169235647849)"
