,p,dtrue,d,M,npc,means_ar,lambda_ar,intensity,mode_nclus,avg_nclus,avg_nonalloc,ari_best_clus,CI_aris
0,100,2,2,4,50,0.23525387852035418,0.12111111111111111,10,9,9.017,1.027,0.7188922842753913,"(0.7169851922642526, 0.7246024712106777)"
