,p,dtrue,d,M,npc,means_ar,lambda_ar,intensity,mode_nclus,avg_nclus,avg_nonalloc,ari_best_clus,CI_aris
0,100,2,2,4,50,0.15607502501543505,0.4465,10,6,5.873,0.841,0.9188114099207834,"(0.893222267956622, 0.8983591586244943)"
