,p,d,M,npc,dir_concentr,mode_nclus,avg_nclus,ari_best_clus,CI_aris
0,200,8,4,50,0.5,62,61.5946,0.13161069294006855,"(0.1332473681183143, 0.1333197021595766)"
