,p,dtrue,d,M,npc,means_ar,lambda_ar,intensity,mode_nclus,avg_nclus,avg_nonalloc,ari_best_clus,CI_aris
0,400,5,5,8,50,0.09542378954912417,0.0918888888888889,10,5,5.075,0.677,0.5957446808510638,"(0.5970050964289108, 0.6069106687135833)"
