,p,dtrue,d,M,npc,means_ar,lambda_ar,intensity,mode_nclus,avg_nclus,avg_nonalloc,ari_best_clus,CI_aris
0,100,5,5,4,50,0.30153740641252785,0.17914285714285713,20,5,4.87625,1.12875,0.9665923729010192,"(0.9641636013879779, 0.9648182924321208)"
