,p,dtrue,d,M,npc,means_ar,lambda_ar,intensity,mode_nclus,avg_nclus,avg_nonalloc,ari_best_clus,CI_aris
0,100,8,8,4,50,0.17696724079702802,0.10471428571428572,10,4,4.38375,0.80125,1.0,"(0.9928813266181948, 0.993941808022756)"
