,p,dtrue,d,M,npc,means_ar,lambda_ar,intensity,mode_nclus,avg_nclus,avg_nonalloc,ari_best_clus,CI_aris
0,200,2,2,4,50,0.16990107484404063,0.14255555555555555,20,7,6.922,1.358,0.8501022274830518,"(0.8366251744908427, 0.8407001467733958)"
