,p,dtrue,d,M,npc,means_ar,lambda_ar,intensity,mode_nclus,avg_nclus,avg_nonalloc,ari_best_clus,CI_aris
0,200,2,2,4,50,0.1538013195626326,0.149625,20,5,5.287,1.215,0.6442029265405713,"(0.6082586262630292, 0.6130111729873016)"
