,p,dtrue,d,M,npc,means_ar,lambda_ar,intensity,mode_nclus,avg_nclus,avg_nonalloc,ari_best_clus,CI_aris
0,200,2,2,4,50,0.7757887377283188,0.32525,20,9,8.92,1.368,0.7888130596652384,"(0.7403882104052807, 0.7448569322143265)"
