,p,dtrue,d,M,npc,means_ar,lambda_ar,intensity,mode_nclus,avg_nclus,avg_nonalloc,ari_best_clus,CI_aris
0,100,5,5,4,50,0.23715427556457752,0.097,10,4,4.3475,0.8025,0.9472113355851781,"(0.9456143962861188, 0.9461833150973626)"
