,p,dtrue,d,M,npc,means_ar,lambda_ar,intensity,mode_nclus,avg_nclus,avg_nonalloc,ari_best_clus,CI_aris
0,100,5,5,8,50,0.10651040227025632,0.16922222222222222,10,6,6.054,0.7,0.7531500216198573,"(0.7548378194723679, 0.7580433969254476)"
