,p,dtrue,d,M,npc,means_ar,lambda_ar,intensity,mode_nclus,avg_nclus,avg_nonalloc,ari_best_clus,CI_aris
0,100,2,2,8,50,0.6610379429288178,0.699875,5,8,8.371,0.603,0.9342539136029581,"(0.9182857755328375, 0.9214939294739148)"
