,p,dtrue,d,M,npc,means_ar,lambda_ar,intensity,mode_nclus,avg_nclus,avg_nonalloc,ari_best_clus,CI_aris
0,200,5,5,4,50,0.031437636015627046,0.04411111111111111,5,4,4.002,0.59,1.0,"(0.9999682585418811, 1.0000051184941403)"
