,p,dtrue,d,M,npc,means_ar,lambda_ar,intensity,mode_nclus,avg_nclus,avg_nonalloc,ari_best_clus,CI_aris
0,200,5,5,4,50,0.16470526426394871,0.17922222222222223,5,4,4.01,0.606,1.0,"(0.9998581700440666, 0.9999701563367657)"
