,p,d,M,npc,dir_concentr,mode_nclus,avg_nclus,ari_best_clus,CI_aris
0,400,5,4,50,0.5,85,85.2536,0.04752981209073653,"(0.050875594851993104, 0.050971303515149204)"
