,p,d,M,npc,dir_concentr,mode_nclus,avg_nclus,ari_best_clus,CI_aris
0,200,5,4,50,0.1,8,8.2174,0.9665502030561841,"(0.9471870424058877, 0.9486423642675768)"
