,p,dtrue,d,M,npc,means_ar,lambda_ar,mode_nclus,avg_nclus,avg_nonalloc,ari_best_clus,CI_aris
0,100,5,6,4,50,0.9641990672559456,0.082808,5,5.4872,0.6416,0.9933442590053179,"(0.9897928420783118, 0.9902333577301023)"
