,p,d,M,npc,dir_concentr,mode_nclus,avg_nclus,ari_best_clus,CI_aris
0,400,8,4,50,1,84,83.4728,0.08255431834859459,"(0.08290599931233514, 0.08292653510060222)"
