,p,d,M,npc,dir_concentr,mode_nclus,avg_nclus,ari_best_clus,CI_aris
0,400,5,4,50,1,91,91.019,0.05020839508562649,"(0.05515035895113547, 0.055356721413580626)"
