,p,dtrue,d,M,npc,means_ar,lambda_ar,intensity,mode_nclus,avg_nclus,avg_nonalloc,ari_best_clus,CI_aris
0,400,2,2,8,50,0.20528531874109146,0.08155555555555556,5,7,6.858,0.684,0.4305577839042056,"(0.45759999883408514, 0.46399840821544497)"
